{
    "Player": {
        "ArmL Translation": [
            -0.5,
            1.5,
            0.0
        ],
        "ArmR Translation": [
            0.5,
            1.5,
            0.0
        ],
        "DashLength": 12,
        "DashSpeed": 1.0,
        "Gravity": [
            0.0,
            -0.009999999776482582,
            0.0
        ],
        "Head Translation": [
            0.0,
            1.2000000476837158,
            0.0
        ],
        "JumpVelocity": [
            0.0,
            0.30000001192092896,
            0.0
        ]
    }
}
